Board ID,Board name,Board maker,Chip ID,U-Boot defconfig,Build tuple,Device tree

raspberrypi_2b,Raspberry Pi 2 B,Raspberry Pi Foundation,bcm2836,rpi_2_defconfig,arm-linux-gnueabihf,bcm2836-rpi-2-b
raspberrypi_3b,Raspberry Pi 3 B,Raspberry Pi Foundation,bcm2837,rpi_3_defconfig,aarch64-linux-gnu,bcm2837-rpi-3-b
raspberrypi_3a_plus,Raspberry Pi 3 A+,Raspberry Pi Foundation,bcm2837,rpi_3_defconfig,aarch64-linux-gnu,bcm2837-rpi-3-a-plus
raspberrypi_3b_plus,Raspberry Pi 3 B+,Raspberry Pi Foundation,bcm2837,rpi_3_b_plus_defconfig,aarch64-linux-gnu,bcm2837-rpi-3-b-plus
raspberrypi_zero_2_w,Raspberry Pi Zero 2 W,Raspberry Pi Foundation,bcm2837,rpi_3_defconfig,aarch64-linux-gnu,bcm2837-rpi-zero-2-w
raspberrypi_4b,Raspberry Pi 4 B,Raspberry Pi Foundation,bcm2711,rpi_4_defconfig,aarch64-linux-gnu,bcm2711-rpi-4-b
raspberrypi_400,Raspberry Pi 400,Raspberry Pi Foundation,bcm2711,rpi_4_defconfig,aarch64-linux-gnu,bcm2711-rpi-400

firefly_rk3288,Firefly-RK3288,Firefly,rk3288,firefly-rk3288_defconfig,arm-linux-gnueabihf,rk3288-firefly
miqi,MiQi,MQMaker,rk3288,miqi-rk3288_defconfig,arm-linux-gnueabihf,rk3288-miqi
phycore_rk3288,phyCORE-RK3288,Phytec,rk3288,phycore-rk3288_defconfig,arm-linux-gnueabihf,rk3288-phycore-rdk
popmetal,PopMetal,ChipSPARK,rk3288,popmetal-rk3288_defconfig,arm-linux-gnueabihf,rk3288-popmetal
rock_pi_n8,ROCK Pi N8,Radxa,rk3288,rock-pi-n8-rk3288_defconfig,arm-linux-gnueabihf,rk3288-rock-pi-n8
rock2,Rock2,Radxa,rk3288,rock2_defconfig,arm-linux-gnueabihf,rk3288-rock2-square
tinker_board,Tinker Board,ASUS,rk3288,tinker-rk3288_defconfig,arm-linux-gnueabihf,rk3288-tinker
tinker_board_s,Tinker Board S,ASUS,rk3288,tinker-s-rk3288_defconfig,arm-linux-gnueabihf,rk3288-tinker-s
vyasa,Vyasa,Amarula,rk3288,vyasa-rk3288_defconfig,arm-linux-gnueabihf,rk3288-vyasa

rk3328_evb,RK3328 EVB,Rockchip,rk3328,evb-rk3328_defconfig,aarch64-linux-gnu,rk3328-evb
nanopi_r2c,Nano Pi R2C,FriendlyElec,rk3328,nanopi-r2c-rk3328_defconfig,aarch64-linux-gnu,rk3328-nanopi-r2c
nanopi_r2s,Nano Pi R2S,FriendlyElec,rk3328,nanopi-r2s-rk3328_defconfig,aarch64-linux-gnu,rk3328-nanopi-r2s
orangepi_r1_plus,Orange Pi R1 Plus,Xunlong,rk3328,orangepi-r1-plus-rk3328_defconfig,aarch64-linux-gnu,rk3328-orangepi-r1-plus
orangepi_r1_plus_lts,Orange Pi R1 Plus LTS,Xunlong,rk3328,orangepi-r1-plus-lts-rk3328_defconfig,aarch64-linux-gnu,rk3328-orangepi-r1-plus-lts
roc_rk3328_cc,ROC-RK3328-CC,Firefly,rk3328,roc-cc-rk3328_defconfig,aarch64-linux-gnu,rk3328-roc-cc
rock_pi_e,ROCK Pi E,Radxa,rk3328,rock-pi-e-rk3328_defconfig,aarch64-linux-gnu,rk3328-rock-pi-e
rock64,ROCK64,Pine64,rk3328,rock64-rk3328_defconfig,aarch64-linux-gnu,rk3328-rock64

px5,PX5 EVB,Rockchip,rk3368,evb-px5_defconfig,aarch64-linux-gnu,rk3368-px5-evb

rk3399_evb,RK3399 EVB,Rockchip,rk3399,evb-rk3399_defconfig,aarch64-linux-gnu,rk3399-evb
ficus,Ficus,96boards,rk3399,ficus-rk3399_defconfig,aarch64-linux-gnu,rk3399-ficus
firefly_rk3399,Firefly-RK3399,Firefly,rk3399,firefly-rk3399_defconfig,aarch64-linux-gnu,rk3399-firefly
khadas_edge,Edge,Khadas,rk3399,khadas-edge-rk3399_defconfig,aarch64-linux-gnu,rk3399-khadas-edge
khadas_edge_v,Edge V,Khadas,rk3399,khadas-edge-v-rk3399_defconfig,aarch64-linux-gnu,rk3399-khadas-edge-v
leez_p710,Leez P720,Lenovo,rk3399,leez-rk3399_defconfig,aarch64-linux-gnu,rk3399-leez-p710
nanopc_t4,NanoPC-T4,FriendlyElec,rk3399,nanopc-t4-rk3399_defconfig,aarch64-linux-gnu,rk3399-nanopc-t4
nanopi_m4,Nano Pi M4,FriendlyElec,rk3399,nanopi-m4-rk3399_defconfig,aarch64-linux-gnu,rk3399-nanopi-m4
nanopi_m4b,Nano Pi M4 B,FriendlyElec,rk3399,nanopi-m4b-rk3399_defconfig,aarch64-linux-gnu,rk3399-nanopi-m4b
nanopi_neo4,Nano Pi Neo4,FriendlyElec,rk3399,nanopi-neo4-rk3399_defconfig,aarch64-linux-gnu,rk3399-nanopi-neo4
nanopi_r4s,Nano Pi R4S,FriendlyElec,rk3399,nanopi-r4s-rk3399_defconfig,aarch64-linux-gnu,rk3399-nanopi-r4s
orangepi_rk3399,Orange Pi rk3399,Xunlong,rk3399,orangepi-rk3399_defconfig,aarch64-linux-gnu,rk3399-orangepi
pinebook_pro,Pinebook Pro,Pine64,rk3399,pinebook-pro-rk3399_defconfig,aarch64-linux-gnu,rk3399-pinebook-pro
roc_rk3399_pc,ROC-RK3399-PC,Firefly,rk3399,roc-pc-rk3399_defconfig,aarch64-linux-gnu,rk3399-roc-pc
rock_pi_4c_plus,ROCK Pi 4 model C plus,Radxa,rk3399,rock-4c-plus-rk3399_defconfig,aarch64-linux-gnu,rk3399-rock-4c-plus
rock_pi_4se,ROCK Pi 4 SE,Radxa,rk3399,rock-4se-rk3399_defconfig,aarch64-linux-gnu,rk3399-rock-4se
rock_pi_4,ROCK Pi 4 model B,Radxa,rk3399,rock-pi-4-rk3399_defconfig,aarch64-linux-gnu,rk3399-rock-pi-4b
rock_pi_4c,ROCK Pi 4 model C,Radxa,rk3399,rock-pi-4c-rk3399_defconfig,aarch64-linux-gnu,rk3399-rock-pi-4c
rock960,Rock960,96boards,rk3399,rock960-rk3399_defconfig,aarch64-linux-gnu,rk3399-rock960
rockpro64,ROCKPro64,Pine64,rk3399,rockpro64-rk3399_defconfig,aarch64-linux-gnu,rk3399-rockpro64
rock_pi_n10,ROCK Pi N10,Radxa,rk3399pro,rock-pi-n10-rk3399pro_defconfig,aarch64-linux-gnu,rk3399pro-rock-pi-n10

banana_pi_r2_pro,Banana Pi BPI-R2 Pro,Sinovoip,rk3568,bpi-r2-pro-rk3568_defconfig,aarch64-linux-gnu,rk3568-bpi-r2-pro
rk3568_evb,RK3568 EVB,Rockchip,rk3568,evb-rk3568_defconfig,aarch64-linux-gnu,rk3568-evb
lubancat_2,LubanCat 2,EmbedFire,rk3568,lubancat-2-rk3568_defconfig,aarch64-linux-gnu,rk3568-lubancat-2
nanopi_r5c,Nano Pi R5C,FriendlyElec,rk3568,nanopi-r5c-rk3568_defconfig,aarch64-linux-gnu,rk3568-nanopi-r5c
nanopi_r5s,Nano Pi R5S,FriendlyElec,rk3568,nanopi-r5s-rk3568_defconfig,aarch64-linux-gnu,rk3568-nanopi-r5s
odroid_m1,ODROID M1,Hardkernel,rk3568,odroid-m1-rk3568_defconfig,aarch64-linux-gnu,rk3568-odroid-m1
radxa_e25,E25,Radxa,rk3568,radxa-e25-rk3568_defconfig,aarch64-linux-gnu,rk3568-radxa-e25
rock_3a,ROCK 3A,Radxa,rk3568,rock-3a-rk3568_defconfig,aarch64-linux-gnu,rk3568-rock-3a

neu6a_io,IO-NCM6A,Edgeble,rk3588,neu6a-io-rk3588_defconfig,aarch64-linux-gnu,rk3588-edgeble-neu6a-io
neu6b_io,IO-NCM6B,Edgeble,rk3588,neu6b-io-rk3588_defconfig,aarch64-linux-gnu,rk3588-edgeble-neu6b-io
evb_rk3588,RK3588 EVB,Rockchip,rk3588,evb-rk3588_defconfig,aarch64-linux-gnu,rk3588-evb1-v10
nanopc_t6,NanoPC-T6,FriendlyElec,rk3588,nanopc-t6-rk3588_defconfig,aarch64-linux-gnu,rk3588-nanopc-t6
orangepi_5_plus,Orange Pi 5 Plus,Xunlong,rk3588,orangepi-5-plus-rk3588_defconfig,aarch64-linux-gnu,rk3588-orangepi-5-plus
quartzpro64,QuartzPro64,PINE64,rk3588,quartzpro64-rk3588_defconfig,aarch64-linux-gnu,rk3588-quartzpro64
rock_5b,ROCK 5B,Radxa,rk3588,rock5b-rk3588_defconfig,aarch64-linux-gnu,rk3588-rock-5b
orangepi_5,Orange Pi 5,Xunlong,rk3588,orangepi-5-rk3588s_defconfig,aarch64-linux-gnu,rk3588s-orangepi-5
rock_5a,ROCK 5A,Radxa,rk3588,rock5a-rk3588s_defconfig,aarch64-linux-gnu,rk3588s-rock-5a

mele_a1000,Mele A1000,Mele,allwinner-a10,Mele_A1000_defconfig,arm-linux-gnueabihf,sun4i-a10-a1000
cubieboard,Cubieboard,Cubieboard,allwinner-a10,Cubieboard_defconfig,arm-linux-gnueabihf,sun4i-a10-cubieboard
marsboard_a10,Marsboard A10,HAOYU Electronics,allwinner-a10,Marsboard_A10_defconfig,arm-linux-gnueabihf,sun4i-a10-marsboard
pineriver_mini_xplus,Mini X-Plus,PineRiver,allwinner-a10,Mini-X_defconfig,arm-linux-gnueabihf,sun4i-a10-mini-xplus
mk802,MK802,Rikomagic,allwinner-a10,mk802_defconfig,arm-linux-gnueabihf,sun4i-a10-mk802
mk802ii,MK802ii,Rikomagic,allwinner-a10,mk802ii_defconfig,arm-linux-gnueabihf,sun4i-a10-mk802ii
a10_olinuxino_lime,A10-OLinuXino-LIME,Olimex,allwinner-a10,A10-OLinuXino-Lime_defconfig,arm-linux-gnueabihf,sun4i-a10-olinuxino-lime
pcduino,pcDuino,LinkSprite,allwinner-a10,Linksprite_pcDuino_defconfig,arm-linux-gnueabihf,sun4i-a10-pcduino

banana_pi_m64,Banana Pi M64,Sinovoip,allwinner-a64,bananapi_m64_defconfig,aarch64-linux-gnu,sun50i-a64-bananapi-m64
nano_pi_a64,Nano Pi A64,FriendlyElec,allwinner-a64,nanopi_a64_defconfig,aarch64-linux-gnu,sun50i-a64-nanopi-a64
a64_olinuxino,A64-OLinuXino,Olimex,allwinner-a64,a64-olinuxino_defconfig,aarch64-linux-gnu,sun50i-a64-olinuxino
a64_olinuxino_emmc,A64-OLinuXino w/ eMMC,Olimex,allwinner-a64,a64-olinuxino-emmc_defconfig,aarch64-linux-gnu,sun50i-a64-olinuxino-emmc
orange_pi_win,Orange Pi Win,Xunlong,allwinner-a64,orangepi_win_defconfig,aarch64-linux-gnu,sun50i-a64-orangepi-win
pine64_lts,Pine64 LTS,Pine64,allwinner-a64,pine64-lts_defconfig,aarch64-linux-gnu,sun50i-a64-pine64-lts
pine64_plus,Pine64+,Pine64,allwinner-a64,pine64_plus_defconfig,aarch64-linux-gnu,sun50i-a64-pine64-plus
pinebook,Pinebook,Pine64,allwinner-a64,pinebook_defconfig,aarch64-linux-gnu,sun50i-a64-pinebook
pinephone,Pinephone,Pine64,allwinner-a64,pinephone_defconfig,aarch64-linux-gnu,sun50i-a64-pinephone-1.2
sopine_baseboard,SoPine baseboard,Pine64,allwinner-a64,sopine_baseboard_defconfig,aarch64-linux-gnu,sun50i-a64-sopine-baseboard

banana_pi_m2_plus,Banana Pi M2+,Sinovoip,allwinner-h5,bananapi_m2_plus_h5_defconfig,aarch64-linux-gnu,sun50i-h5-bananapi-m2-plus
libretech_all_h3_cc_h5,ALL-H3-CC H5 (Tritium),Libre Computer,allwinner-h5,libretech_all_h3_cc_h5_defconfig,aarch64-linux-gnu,sun50i-h5-libretech-all-h3-cc
libretech_all_h3_it_h5,ALL-H3-IT H5 (Tritium),Libre Computer,allwinner-h5,libretech_all_h3_it_h5_defconfig,aarch64-linux-gnu,sun50i-h5-libretech-all-h3-it
libretech_all_h5_cc_h5,ALL-H5-CC H5 (Tritium),Libre Computer,allwinner-h5,libretech_all_h5_cc_h5_defconfig,aarch64-linux-gnu,sun50i-h5-libretech-all-h5-cc
nano_pi_neo_plus2,Nano Pi Neo Plus2,FriendlyElec,allwinner-h5,nanopi_neo_plus2_defconfig,aarch64-linux-gnu,sun50i-h5-nanopi-neo-plus2
nano_pi_neo2,Nano Pi Neo2,FriendlyElec,allwinner-h5,nanopi_neo2_defconfig,aarch64-linux-gnu,sun50i-h5-nanopi-neo2
nano_pi_r1s,Nano Pi R1S,FriendlyElec,allwinner-h5,nanopi_r1s_h5_defconfig,aarch64-linux-gnu,sun50i-h5-nanopi-r1s-h5
orange_pi_pc2,Orange Pi PC2,Xunlong,allwinner-h5,orangepi_pc2_defconfig,aarch64-linux-gnu,sun50i-h5-orangepi-pc2
orange_pi_prime,Orange Pi Prime,Xunlong,allwinner-h5,orangepi_prime_defconfig,aarch64-linux-gnu,sun50i-h5-orangepi-prime
orange_pi_zero_plus,Orange Pi Zero Plus,Xunlong,allwinner-h5,orangepi_zero_plus_defconfig,aarch64-linux-gnu,sun50i-h5-orangepi-zero-plus
orange_pi_zero_plus2,Orange Pi Zero Plus2,Xunlong,allwinner-h5,orangepi_zero_plus2_defconfig,aarch64-linux-gnu,sun50i-h5-orangepi-zero-plus2

orange_pi_lite2,Orange Pi Lite2,Xunlong,allwinner-h6,orangepi_lite2_defconfig,aarch64-linux-gnu,sun50i-h6-orangepi-lite2
orange_pi_one_plus,Orange Pi One Plus,Xunlong,allwinner-h6,orangepi_one_plus_defconfig,aarch64-linux-gnu,sun50i-h6-orangepi-one-plus
orange_pi_3,Orange Pi 3,Xunlong,allwinner-h6,orangepi_3_defconfig,aarch64-linux-gnu,sun50i-h6-orangepi-3
pine_h64,Pine H64,Pine64,allwinner-h6,pine_h64_defconfig,aarch64-linux-gnu,sun50i-h6-pine-h64
tanix_tx6,TX6,Tanix,allwinner-h6,tanix_tx6_defconfig,aarch64-linux-gnu,sun50i-h6-tanix-tx6

orange_pi_zero2,Orange Pi Zero2,Xunlong,allwinner-h616,orangepi_zero2_defconfig,aarch64-linux-gnu,sun50i-h616-orangepi-zero2

orange_pi_zero3,Orange Pi Zero 3,Xunlong,allwinner-h618,orangepi_zero3_defconfig,aarch64-linux-gnu,sun50i-h618-orangepi-zero3

semitime_g2,G2 (MK802+),Semitime,allwinner-a10s,mk802_a10s_defconfig,arm-linux-gnueabihf,sun5i-a10s-mk802
a10s_olinuxino_micro,A10s-OLinuXino MICRO,Olimex,allwinner-a10s,A10s-OLinuXino-M_defconfig,arm-linux-gnueabihf,sun5i-a10s-olinuxino-micro

a13_olinuxino,A13-OLinuXino,Olimex,allwinner-a13,A13-OLinuXino_defconfig,arm-linux-gnueabihf,sun5i-a13-olinuxino
a13_olinuxino_micro,A13-OLinuXino MICRO,Olimex,allwinner-a13,A13-OLinuXinoM_defconfig,arm-linux-gnueabihf,sun5i-a13-olinuxino-micro

chip_pro,CHIP Pro,Next Thing,allwinner-gr8,CHIP_pro_defconfig,arm-linux-gnueabihf,sun5i-gr8-chip-pro

chip,CHIP,Next Thing,allwinner-r8,CHIP_defconfig,arm-linux-gnueabihf,sun5i-r8-chip

hummingbird,Hummingbird,Merrii,allwinner-a31,Hummingbird_A31_defconfig,arm-linux-gnueabihf,sun6i-a31-hummingbird
mele_i7,Mele I7,Mele,allwinner-a31,Mele_I7_defconfig,arm-linux-gnueabihf,sun6i-a31-i7
mele_m9,Mele M9,Mele,allwinner-a31,Mele_M9_defconfig,arm-linux-gnueabihf,sun6i-a31-m9
mele_a1000g,Mele A1000G,Mele,allwinner-a31,Mele_A1000G_quad_defconfig,arm-linux-gnueabihf,sun6i-a31-mele-a1000g-quad

msi_primo81,Primo81,MSI,allwinner-a31s,MSI_Primo81_defconfig,arm-linux-gnueabihf,sun6i-a31s-primo81
sina31s,SinA31s,Sinlinx,allwinner-a31s,Sinlinx_SinA31s_defconfig,arm-linux-gnueabihf,sun6i-a31s-sina31s
banana_pi_m2,Banana Pi M2,Sinovoip,allwinner-a31s,Sinovoip_BPI_M2_defconfig,arm-linux-gnueabihf,sun6i-a31s-sinovoip-bpi-m2

banana_pi_m1,Banana Pi M1,Sinovoip,allwinner-a20,Bananapi_defconfig,arm-linux-gnueabihf,sun7i-a20-bananapi
banana_pi_m1plus,Banana Pi M1+,Sinovoip,allwinner-a20,bananapi_m1_plus_defconfig,arm-linux-gnueabihf,sun7i-a20-bananapi-m1-plus
bananapro,Banana Pro,LeMaker,allwinner-a20,Bananapro_defconfig,arm-linux-gnueabihf,sun7i-a20-bananapro
cubieboard_2,Cubieboard 2,Cubieboard,allwinner-a20,Cubieboard2_defconfig,arm-linux-gnueabihf,sun7i-a20-cubieboard2
cubietruck,Cubietruck,Cubieboard,allwinner-a20,Cubietruck_defconfig,arm-linux-gnueabihf,sun7i-a20-cubietruck
lamobo_r1,Lamobo R1,Lamobo,allwinner-a20,Lamobo_R1_defconfig,arm-linux-gnueabihf,sun7i-a20-lamobo-r1
mele_m3,Mele M3,Mele,allwinner-a20,Mele_M3_defconfig,arm-linux-gnueabihf,sun7i-a20-m3
olimex_a20_som_evb,A20-SOM-EVB,Olimex,allwinner-a20,A20-Olimex-SOM-EVB_defconfig,arm-linux-gnueabihf,sun7i-a20-olimex-som-evb
olimex_a20_som204_evb,A20-SOM204-EVB,Olimex,allwinner-a20,A20-Olimex-SOM204-EVB_defconfig,arm-linux-gnueabihf,sun7i-a20-olimex-som204-evb
olimex_a20_som204_evb_emmc,A20-SOM204-EVB w/ eMMC,Olimex,allwinner-a20,A20-Olimex-SOM204-EVB-eMMC_defconfig,arm-linux-gnueabihf,sun7i-a20-olimex-som204-evb-emmc
olinuxino_lime,A20-OLinuXino-LIME,Olimex,allwinner-a20,A20-OLinuXino-Lime_defconfig,arm-linux-gnueabihf,sun7i-a20-olinuxino-lime
olinuxino_lime2,A20-OLinuXino-LIME2,Olimex,allwinner-a20,A20-OLinuXino-Lime2_defconfig,arm-linux-gnueabihf,sun7i-a20-olinuxino-lime2
olinuxino_lime_emmc,A20-OLinuXino-LIME w/ eMMC,Olimex,allwinner-a20,A20-OLinuXino-Lime2-eMMC_defconfig,arm-linux-gnueabihf,sun7i-a20-olinuxino-lime2-emmc
a20_olinuxino_micro,A20-OLinuXino-MICRO,Olimex,allwinner-a20,A20-OLinuXino_MICRO_defconfig,arm-linux-gnueabihf,sun7i-a20-olinuxino-micro
a20_olinuxino_micro_emmc,A20-OLinuXino-MICRO w/ eMMC,Olimex,allwinner-a20,A20-OLinuXino_MICRO-eMMC_defconfig,arm-linux-gnueabihf,sun7i-a20-olinuxino-micro-emmc
orangepi,Orange Pi,Xunlong,allwinner-a20,Orangepi_defconfig,arm-linux-gnueabihf,sun7i-a20-orangepi
orangepi_mini,Orange Pi Mini,Xunlong,allwinner-a20,Orangepi_mini_defconfig,arm-linux-gnueabihf,sun7i-a20-orangepi-mini
pcduino3,pcDuino3,LinkSprite,allwinner-a20,Linksprite_pcDuino3_defconfig,arm-linux-gnueabihf,sun7i-a20-pcduino3
pcduino3_nano,pcDuino3 Nano,LinkSprite,allwinner-a20,Linksprite_pcDuino3_Nano_defconfig,arm-linux-gnueabihf,sun7i-a20-pcduino3-nano

a33_olinuxino,A33-OLinuXino,Olimex,allwinner-a23,A33-OLinuXino_defconfig,arm-linux-gnueabihf,sun8i-a33-olinuxino
sinlinx_a23,SinA33,Sinlinx,allwinner-a23,Sinlinx_SinA33_defconfig,arm-linux-gnueabihf,sun8i-a33-sinlinx-sina33

banana_pi_m3,Banana Pi M3,Sinovoip,allwinner-a83t,Sinovoip_BPI_M3_defconfig,arm-linux-gnueabihf,sun8i-a83t-bananapi-m3
cubietruck_plus,Cubietruck Plus,Cubieboard,allwinner-a83t,Cubietruck_plus_defconfig,arm-linux-gnueabihf,sun8i-a83t-cubietruck-plus

banana_pi_m2_zero,Banana Pi M2 Zero,Sinovoip,allwinner-h2+,bananapi_m2_zero_defconfig,arm-linux-gnueabihf,sun8i-h2-plus-bananapi-m2-zero
libretech_all_h3_cc_h2_plus,ALL-H3-CC H2+ (Tritium),Libre Computer,allwinner-h2+,libretech_all_h3_cc_h2_plus_defconfig,arm-linux-gnueabihf,sun8i-h2-plus-libretech-all-h3-cc
orange_pi_r1,Orange Pi R1,Xunlong,allwinner-h2+,orangepi_r1_defconfig,arm-linux-gnueabihf,sun8i-h2-plus-orangepi-r1
orange_pi_zero,Orange Pi Zero,Xunlong,allwinner-h2+,orangepi_zero_defconfig,arm-linux-gnueabihf,sun8i-h2-plus-orangepi-zero

banana_pi_m2_plus_h3,Banana Pi M2+ H3,Sinovoip,allwinner-h3,bananapi_m2_plus_h3_defconfig,arm-linux-gnueabihf,sun8i-h3-bananapi-m2-plus
libretech_all_h3_cc_h3,ALL-H3-CC H3 (Tritium),Libre Computer,allwinner-h3,libretech_all_h3_cc_h3_defconfig,arm-linux-gnueabihf,sun8i-h3-libretech-all-h3-cc
nano_pi_m1,Nano Pi M1,FriendlyElec,allwinner-h3,nanopi_m1_defconfig,arm-linux-gnueabihf,sun8i-h3-nanopi-m1
nano_pi_m1_plus,Nano Pi M1+,FriendlyElec,allwinner-h3,nanopi_m1_plus_defconfig,arm-linux-gnueabihf,sun8i-h3-nanopi-m1-plus
nano_pi_neo,Nano Pi Neo,FriendlyElec,allwinner-h3,nanopi_neo_defconfig,arm-linux-gnueabihf,sun8i-h3-nanopi-neo
nano_pi_neo_air,Nano Pi Neo Air,FriendlyElec,allwinner-h3,nanopi_neo_air_defconfig,arm-linux-gnueabihf,sun8i-h3-nanopi-neo-air
orange_pi_2,Orange Pi 2,Xunlong,allwinner-h3,orangepi_2_defconfig,arm-linux-gnueabihf,sun8i-h3-orangepi-2
orange_pi_lite,Orange Pi Lite,Xunlong,allwinner-h3,orangepi_lite_defconfig,arm-linux-gnueabihf,sun8i-h3-orangepi-lite
orange_pi_one,Orange Pi One,Xunlong,allwinner-h3,orangepi_one_defconfig,arm-linux-gnueabihf,sun8i-h3-orangepi-one
orange_pi_pc,Orange Pi PC,Xunlong,allwinner-h3,orangepi_pc_defconfig,arm-linux-gnueabihf,sun8i-h3-orangepi-pc
orange_pi_pc_plus,Orange Pi PC Plus,Xunlong,allwinner-h3,orangepi_pc_plus_defconfig,arm-linux-gnueabihf,sun8i-h3-orangepi-pc-plus
orange_pi_plus,Orange Pi Plus,Xunlong,allwinner-h3,orangepi_plus_defconfig,arm-linux-gnueabihf,sun8i-h3-orangepi-plus
orange_pi_plus2e,Orange Pi Plus2E,Xunlong,allwinner-h3,orangepi_plus2e_defconfig,arm-linux-gnueabihf,sun8i-h3-orangepi-plus2e
orange_pi_zero_plus2_h3,Orange Pi Zero Plus2 H3,Xunlong,allwinner-h3,orangepi_zero_plus2_h3_defconfig,arm-linux-gnueabihf,sun8i-h3-orangepi-zero-plus2
zeropi,Zero Pi,FriendlyElec,allwinner-h3,zeropi_defconfig,arm-linux-gnueabihf,sun8i-h3-zeropi

banana_pi_m2m,Banana Pi M2M,Sinovoip,allwinner-r16,Bananapi_m2m_defconfig,arm-linux-gnueabihf,sun8i-r16-bananapi-m2m

banana_pi_m2_ultra,Banana Pi M2 Ultra,Sinovoip,allwinner-r40,Bananapi_M2_Ultra_defconfig,arm-linux-gnueabihf,sun8i-r40-bananapi-m2-ultra

banana_pi_m2_berry,Banana Pi M2 Berry,Sinovoip,allwinner-v40,bananapi_m2_berry_defconfig,arm-linux-gnueabihf,sun8i-v40-bananapi-m2-berry

cubieboard4,Cubieboard 4,Cubieboard,allwinner-a80,Cubieboard4_defconfig,arm-linux-gnueabihf,sun9i-a80-cubieboard4
merrii_a80_optimus,Merrii A80 Optimus,Merrii,allwinner-a80,Merrii_A80_Optimus_defconfig,arm-linux-gnueabihf,sun9i-a80-optimus

jethub_j100,JetHub J100,JetHome,meson-axg,jethub_j100_defconfig,aarch64-linux-gnu,meson-axg-jethome-jethub-j100
amlogic_s400,S400,Amlogic,meson-axg,s400_defconfig,aarch64-linux-gnu,meson-axg-s400

radxa_zero,Zero,Radxa,meson-g12a,radxa-zero_defconfig,aarch64-linux-gnu,meson-g12a-radxa-zero
amlogic_u200,U200,Amlogic,meson-g12a,u200_defconfig,aarch64-linux-gnu,meson-g12a-u200

banana_pi_m2s,Banana Pi M2S,Sinovoip,meson-g12b,bananapi-m2s_defconfig,aarch64-linux-gnu,meson-g12b-a311d-bananapi-m2s
banana_pi_cm4io,Banana Pi CM4IO,Sinovoip,meson-g12b,bananapi-cm4-cm4io_defconfig,aarch64-linux-gnu,meson-g12b-bananapi-cm4io
khadas_vim3,VIM3,Khadas,meson-g12b,khadas-vim3_defconfig,aarch64-linux-gnu,meson-g12b-a311d-khadas-vim3
beelink_gt_king_x,GT-King X,Beelink,meson-g12b,beelink-gsking-x_defconfig,aarch64-linux-gnu,meson-g12b-gsking-x
beelink_gt_king,GT-King,Beelink,meson-g12b,beelink-gtking_defconfig,aarch64-linux-gnu,meson-g12b-gtking
beelink_gt_king_pro,GT-King Pro,Beelink,meson-g12b,beelink-gtkingpro_defconfig,aarch64-linux-gnu,meson-g12b-gtking-pro
odroid_go_ultra,ODROID GO Ultra,Hardkernel,meson-g12b,odroid-go-ultra_defconfig,aarch64-linux-gnu,meson-g12b-odroid-go-ultra
odroid_n2,ODROID N2,Hardkernel,meson-g12b,odroid-n2_defconfig,aarch64-linux-gnu,meson-g12b-odroid-n2
odroid_n2l,ODROID N2L,Hardkernel,meson-g12b,odroid-n2l_defconfig,aarch64-linux-gnu,meson-g12b-odroid-n2l
radxa_zero2,Zero2,Radxa,meson-g12b,radxa-zero2_defconfig,aarch64-linux-gnu,meson-g12b-radxa-zero2

nano_pi_k2,Nano Pi K2,FriendlyElec,meson-gxbb,nanopi-k2_defconfig,aarch64-linux-gnu,meson-gxbb-nanopi-k2
odroid_c2,ODROID C2,Hardkernel,meson-gxbb,odroid-c2_defconfig,aarch64-linux-gnu,meson-gxbb-odroidc2
amlogic_p200,P200,Amlogic,meson-gxbb,p200_defconfig,aarch64-linux-gnu,meson-gxbb-p200
amlogic_p201,P201,Amlogic,meson-gxbb,p201_defconfig,aarch64-linux-gnu,meson-gxbb-p201

libretech_s805x_ac,AML-S805X-AC (La Frite),Libre Computer,meson-gxl,libretech-ac_defconfig,aarch64-linux-gnu,meson-gxl-s805x-libretech-ac
libretech_s905d_pc,AML-S905D-PC (Tartiflette),Libre Computer,meson-gxl,libretech-s905d-pc_defconfig,aarch64-linux-gnu,meson-gxl-s905d-libretech-pc
jethub_j80,JetHub J80,JetHome,meson-gxl,jethub_j80_defconfig,aarch64-linux-gnu,meson-gxl-s905w-jethome-jethub-j80
khadas_vim,VIM,Khadas,meson-gxl,khadas-vim_defconfig,aarch64-linux-gnu,meson-gxl-s905x-khadas-vim
libretech_s905x_cc,AML-S905X-CC (Le Potato),Libre Computer,meson-gxl,libretech-cc_defconfig,aarch64-linux-gnu,meson-gxl-s905x-libretech-cc
libretech_s905x_cc_v2,AML-S905X-CC V2 (Sweet Potato),Libre Computer,meson-gxl,libretech-cc_v2_defconfig,aarch64-linux-gnu,meson-gxl-s905x-libretech-cc-v2
amlogic_p212,P212,Amlogic,meson-gxl,p212_defconfig,aarch64-linux-gnu,meson-gxl-s905x-p212

khadas_vim2,VIM2,Khadas,meson-gxm,khadas-vim2_defconfig,aarch64-linux-gnu,meson-gxm-khadas-vim2
libretech_s912_pc,AML-S912-PC (Tartiflette),Libre Computer,meson-gxm,libretech-s912-pc_defconfig,aarch64-linux-gnu,meson-gxm-s912-libretech-pc

banana_pi_m2_pro,Banana Pi M2 Pro,Sinovoip,meson-sm1,bananapi-m2-pro_defconfig,aarch64-linux-gnu,meson-sm1-bananapi-m2-pro
banana_pi_m5,Banana Pi M5,Sinovoip,meson-sm1,bananapi-m5_defconfig,aarch64-linux-gnu,meson-sm1-bananapi-m5
khadas_vim3l,VIM3L,Khadas,meson-sm1,khadas-vim3l_defconfig,aarch64-linux-gnu,meson-sm1-khadas-vim3l
odroid_c4,ODROID C4,Hardkernel,meson-sm1,odroid-c4_defconfig,aarch64-linux-gnu,meson-sm1-odroid-c4
odroid_hc4,ODROID HC4,Hardkernel,meson-sm1,odroid-hc4_defconfig,aarch64-linux-gnu,meson-sm1-odroid-hc4

qemu_arm_virt,QEMU arm virt,QEMU,qemu-arm,qemu_arm_defconfig,arm-linux-gnueabihf,N/A
qemu_aarch64_virt,QEMU aarch64 virt,QEMU,qemu-aarch64,qemu_arm64_defconfig,aarch64-linux-gnu,N/A
qemu_x86_virt,QEMU x86 virt,QEMU,qemu-x86,qemu-x86_defconfig,i686-linux-gnu,N/A
qemu_x86_64_virt,QEMU x86_64 virt,QEMU,qemu-x86_64,qemu-x86_64_defconfig,x86_64-linux-gnu,N/A
